{"cameraMode":{"drawMode":0,"name":"Shaded","section":"Shading Mode"},"sceneLighting":false,"audioPlay":false,"sceneViewState":{"showFog":true,"showMaterialUpdate":false,"showSkybox":false,"showFlares":true,"showImageEffects":true,"showParticleSystems":true},"in2DMode":false,"pivot":{"x":0.8488974571228027,"y":0.028315767645835878,"z":-0.5447810292243958},"rotation":{"x":0.1654074788093567,"y":-0.32016295194625857,"z":0.05686953291296959,"w":0.9311035871505737},"size":0.08442754298448563,"orthographic":false}