{"cameraMode":{"drawMode":0,"name":"Shaded","section":"Shading Mode"},"sceneLighting":false,"audioPlay":false,"sceneViewState":{"showFog":true,"showMaterialUpdate":false,"showSkybox":false,"showFlares":true,"showImageEffects":true,"showParticleSystems":true},"in2DMode":false,"pivot":{"x":0.0054739490151405338,"y":0.010948672890663147,"z":0.016472235321998597},"rotation":{"x":0.09418664872646332,"y":0.903453528881073,"z":-0.25940313935279848,"w":0.32804423570632937},"size":0.09998545050621033,"orthographic":false}